{
    "delta_1": 1.0624262534639601,
    "omega_1": 1.0,
    "e1q_1": 0.7907794943594837,
    "e1d_1": 0.5794505461381052,
    "x_ab_1": 0.10699143971118924,
    "x_e_1": 1.0699143971118925,
    "xi_v_1": 106991.43971118823,
    "x_gov_1_1": 1.0,
    "x_gov_2_1": 1.0,
    "x_wo1_1": 1.0,
    "x_wo2_1": 0.0,
    "x_wo3_1": 0.990189211606963,
    "x_lpf7_1": 0.0,
    "x_9_1_1": 5.5511151231257815e-17,
    "x_9_2_1": 5.5511151231257815e-17,
    "x_9_3_1": 5.5511151231257815e-17,
    "x_9_4_1": 5.5511151231257815e-17,
    "x_9_5_1": 5.5511151231257815e-17,
    "x_ll1_1": 9.475198403663396e-16,
    "x_ll3_1": 9.475198403663396e-16,
    "delta_2": -2.6887701063886787e-34,
    "Domega_2": 0.0,
    "xi_freq": 0.0,
    "V_1": 1.0,
    "theta_1": 0.050128859824559655,
    "V_2": 0.9999973731124788,
    "theta_2": 0.0005990205305441415,
    "i_d_1": 0.8527566018349393,
    "i_q_1": 0.5038700401200915,
    "p_g_1": 0.990189211606963,
    "q_g_1": 0.024579758356764524,
    "v_f_1": 2.0699143971118925,
    "p_m_ref_1": 1.0,
    "p_m_1": 1.0,
    "v_pss_1": 9.475198403663396e-16,
    "omega_2": 1.0,
    "i_d_2": 0.0028062998424887796,
    "i_q_2": -0.5990189211606963,
    "p_s_2": -0.5990189211606963,
    "q_s_2": 0.002447468299261449,
    "omega_coi": 1.0,
    "p_agc": 0.0
}