{
    "delta_1": 0.8214922780895576,
    "omega_1": 1.0,
    "e1q_1": 0.8672923973355114,
    "e1d_1": 0.5770035841853369,
    "e2q_1": 0.8062186323988082,
    "e2d_1": 0.7147900711295104,
    "xi_v_1": -4.90168570113871e-27,
    "x_a_1": -1.5440309958572536e-26,
    "xi_m_1": 355249.5434190449,
    "x_gov_1_1": 0.9,
    "x_gov_2_1": 0.9,
    "x_wo1_1": 1.0,
    "x_wo2_1": 0.0,
    "x_wo3_1": 0.9,
    "x_lpf7_1": 0.0,
    "x_9_1_1": -5.309817586148687e-17,
    "x_9_2_1": -5.309817586148687e-17,
    "x_9_3_1": -5.309817586148687e-17,
    "x_9_4_1": -5.309817586148687e-17,
    "x_9_5_1": -5.309817586148687e-17,
    "x_ll1_1": -9.063327637797193e-16,
    "x_ll3_1": -9.063327637797193e-16,
    "delta_4": 3.814409973302593e-25,
    "omega_4": 1.0,
    "e1q_4": 0.7750091531927785,
    "e1d_4": 0.5169432258772927,
    "e2q_4": 0.7412398305396976,
    "e2d_4": 0.6910629190355427,
    "v_r_4": 1.0,
    "x_cb_4": 0.008491794591535116,
    "xi_v_4": 8491.794591535167,
    "v_f_4": 1.6983589183070231,
    "x_3_gov_4": 0.78,
    "x_4_gov_4": 0.78,
    "x_5_gov_4": 0.78,
    "x_6_gov_4": 0.78,
    "p_z_f_2": 0.0,
    "q_z_f_2": 0.0,
    "p_z_f_3": 0.0,
    "q_z_f_3": 0.0,
    "xi_freq": -119.99999999999993,
    "V_1": 1.0123748207940442,
    "theta_1": -6.410866018102814,
    "V_2": 0.9999999999999991,
    "theta_2": -6.544614242604565,
    "V_3": 1.0,
    "theta_3": -7.188115351397851,
    "V_4": 1.007814467052344,
    "theta_4": -7.071760186190976,
    "V_5": 0.9999999999999991,
    "theta_5": -6.544614242604565,
    "i_d_1": 0.8054144693595828,
    "i_q_1": 0.4022453973716998,
    "p_g_1": 0.9,
    "q_g_1": 0.143796296296286,
    "v_f_1": 2.3091220322237898,
    "p_m_ref_1": 0.9,
    "p_m_1": 0.9,
    "v_pss_1": -9.063327637797193e-16,
    "i_d_4": 0.6174961856563391,
    "i_q_4": 0.47659511657623643,
    "p_g_4": 0.78,
    "q_g_4": 0.09793333333333346,
    "p_m_4": 0.78,
    "i_p_2": 1.250000000000001,
    "i_q_2": 0.0,
    "g_load_2": 0.0,
    "b_load_2": 0.0,
    "i_p_3": 4.0,
    "i_q_3": 0.0,
    "g_load_3": 0.0,
    "b_load_3": 0.0,
    "omega_coi": 1.0,
    "p_agc": -0.11999999999999994
}