{
    "delta_1": -5.125837817260796,
    "omega_1": 1.0,
    "e1q_1": 0.8797676317978452,
    "e1d_1": 0.5821777527856519,
    "xi_v_1": -8.742379771741702e-32,
    "x_a_1": 1.8651563684975253e-31,
    "xi_m_1": 372087.6022927446,
    "x_gov_1_1": 0.9257425742574258,
    "x_gov_2_1": 0.9257425742574258,
    "xi_imw_1": 0.9257425742574258,
    "x_wo1_1": 1.0,
    "x_wo2_1": -1.8536272636901862e-32,
    "x_wo3_1": 0.9257425742574258,
    "x_lpf7_1": -1.3065585961908771e-49,
    "x_9_1_1": -1.568693828957145e-17,
    "x_9_2_1": -1.568693828957145e-17,
    "x_9_3_1": -1.568693828957145e-17,
    "x_9_4_1": -1.568693828957145e-17,
    "x_9_5_1": -1.568693828957145e-17,
    "x_ll1_1": -2.677603496646951e-16,
    "x_ll3_1": -2.677603496646951e-16,
    "delta_4": -1.0325165247206461e-28,
    "omega_4": 1.0,
    "e1q_4": 0.8693888958174212,
    "e1d_4": 0.5054392585999261,
    "x_cb_4": 0.00917675426924561,
    "xi_v_4": 9176.754269245632,
    "x_3_gov_4": 0.778355972562339,
    "x_4_gov_4": 0.778355972562339,
    "x_5_gov_4": 0.778355972562339,
    "x_6_gov_4": 0.778355972562339,
    "xi_freq": -121.64402743766097,
    "V_1": 0.9999999999999998,
    "theta_1": 0.21550044996530776,
    "V_2": 0.9821571444537525,
    "theta_2": 0.07364104803839991,
    "V_3": 0.9907363129881072,
    "theta_3": -0.9513511303051311,
    "V_4": 1.0,
    "theta_4": -0.8341583187462709,
    "V_5": 0.9821571444537525,
    "theta_5": 0.07364104803839991,
    "i_d_1": 0.8572711883593283,
    "i_q_1": 0.39523269028218055,
    "p_g_1": 0.9257425742574258,
    "q_g_1": 0.18472535306757185,
    "v_f_1": 2.418569414902839,
    "p_m_ref_1": 0.9257425742574258,
    "p_m_1": 0.9257425742574258,
    "v_pss_1": -2.677603496646951e-16,
    "i_d_4": 0.6439746386878004,
    "i_q_4": 0.4395123987825445,
    "p_g_4": 0.7722772277227722,
    "q_g_4": 0.1070624467191877,
    "v_f_4": 1.8353508538491219,
    "p_m_4": 0.778355972562339,
    "omega_coi": 1.0,
    "p_agc": -0.12164402743766098
}