{
    "delta_1": 0.8214922780895634,
    "omega_1": 1.0,
    "e1q_1": 0.867292397335504,
    "e1d_1": 0.5770035841853393,
    "e2q_1": 0.8062186323988009,
    "e2d_1": 0.7147900711295134,
    "xi_v_1": -1.4390005323749218e-33,
    "x_a_1": -4.532851676981004e-33,
    "xi_m_1": 355249.54341904336,
    "x_gov_1_1": 0.9,
    "x_gov_2_1": 0.9,
    "x_wo1_1": 1.0,
    "x_wo2_1": 0.0,
    "x_wo3_1": 0.9,
    "x_lpf7_1": 0.0,
    "x_9_1_1": -5.309817586148687e-17,
    "x_9_2_1": -5.309817586148687e-17,
    "x_9_3_1": -5.309817586148687e-17,
    "x_9_4_1": -5.309817586148687e-17,
    "x_9_5_1": -5.309817586148687e-17,
    "x_ll1_1": -9.063327637797193e-16,
    "x_ll3_1": -9.063327637797193e-16,
    "delta_4": -2.570860883773752e-32,
    "omega_4": 1.0,
    "e1q_4": 0.7750091531927777,
    "e1d_4": 0.5169432258772931,
    "e2q_4": 0.7412398305396968,
    "e2d_4": 0.6910629190355433,
    "v_r_4": 1.0,
    "x_cb_4": 0.00849179459153511,
    "xi_v_4": 8491.794591535067,
    "v_f_4": 1.6983589183070218,
    "x_3_gov_4": 0.78,
    "x_4_gov_4": 0.78,
    "x_5_gov_4": 0.78,
    "x_6_gov_4": 0.78,
    "p_z_f_2": 0.0,
    "q_z_f_2": 0.0,
    "p_z_f_3": 0.0,
    "q_z_f_3": 0.0,
    "xi_freq": -120.0,
    "V_1": 1.0123748207940428,
    "theta_1": -6.410866018102815,
    "V_2": 0.9999999999999991,
    "theta_2": -6.544614242604567,
    "V_3": 1.0,
    "theta_3": -7.188115351397852,
    "V_4": 1.007814467052344,
    "theta_4": -7.071760186190977,
    "V_5": 0.9999999999999991,
    "theta_5": -6.544614242604567,
    "i_d_1": 0.8054144693595815,
    "i_q_1": 0.40224539737170145,
    "p_g_1": 0.9,
    "q_g_1": 0.1437962962962769,
    "v_f_1": 2.30912203222378,
    "p_m_ref_1": 0.9,
    "p_m_1": 0.9,
    "v_pss_1": -9.063327637797193e-16,
    "i_d_4": 0.6174961856563387,
    "i_q_4": 0.4765951165762368,
    "p_g_4": 0.78,
    "q_g_4": 0.09793333333333218,
    "p_m_4": 0.78,
    "i_p_2": 1.250000000000001,
    "i_q_2": 0.0,
    "g_load_2": 0.0,
    "b_load_2": 0.0,
    "i_p_3": 4.0,
    "i_q_3": 0.0,
    "g_load_3": 0.0,
    "b_load_3": 0.0,
    "omega_coi": 1.0,
    "p_agc": -0.12000000000000001
}